avg,max,med,min,q25,q75,std,gyro_avg,gyro_max,gyro_med,gyro_min,gyro_q25,gyro_q75,gyro_std,activity
0.31078711148281823,1.2770150309662673,0.19932037314412782,-0.08414380431512404,0.03811654273291696,0.5076467766743112,0.3334972861867545,0.20279092433612883,1.3739024999501697,0.07574053834384056,0.012530641038208402,0.04171065799656312,0.27819457623084254,0.2700624687752516,standing
0.03819114642059249,0.5324896035174427,0.01712396519882247,-0.0788439018815494,-0.016904421509577328,0.06684466889398652,0.08376594459487996,0.052300525201041954,0.17287314824371777,0.046227979473281985,0.0029474622106738344,0.029747722035071467,0.06888565235382958,0.03014544229928685,standing
-0.006272081600726352,0.2781235468629814,-0.015754157533022645,-0.080413981152883,-0.03721183263685986,0.01440379746189327,0.04601994406294232,0.03312371793795428,0.1177338379301037,0.02896479099199456,0.0038346669753128652,0.018239518633597417,0.04378576042198991,0.019803258681884105,standing
-0.009745004492434864,0.5125950972390015,-0.027203870751242826,-0.07796743608100835,-0.049379109453906646,0.005452504127187358,0.06797910907581509,0.031887646518173475,0.1433108252054814,0.027151933535874487,0.0014203427129735769,0.01878468197394225,0.036544988623690815,0.02224187857059996,standing
-0.004999701900690152,0.28555014708889587,-0.016063555969006896,-0.08031133764186978,-0.039832457496853685,0.0146324661837028,0.05068408346277509,0.03267899449186418,0.11504776216254001,0.028839716792995566,0.005107438026340891,0.019685882174640897,0.0424772059295455,0.017403557759732364,standing
-0.026522878029649886,0.17894324427018854,-0.03643079307166501,-0.07769216325635624,-0.05266448968826595,-0.007591915279561334,0.037343498458077724,0.024160363275430682,0.07380325309069598,0.020657645287146864,0.0008434027434862488,0.01248448842719143,0.03299818230112812,0.015139296340338889,standing
-0.013843640974790038,0.23729837966317457,-0.02361599925117959,-0.07611195073191221,-0.04587664428550832,0.00048327949378704563,0.04724953846895982,0.03789585515455208,0.19239261403428312,0.030189584402530355,0.0016341346550079218,0.017471438932657506,0.0490997360239782,0.030472051002552857,standing
-0.030048944457277703,0.1234047785810108,-0.03662376565863563,-0.08096915323993154,-0.0527141197158994,-0.015766436398634315,0.031021414532556864,0.020982598605274863,0.062038215908286,0.01797677851501209,0.001245362862315845,0.011253950622374085,0.028375844566786813,0.012559322011389207,standing
-0.03299306775601577,0.10136038445980204,-0.037990857281902,-0.08242725662523617,-0.05248204686845508,-0.018873619802263132,0.02764418420003124,0.02146556082077013,0.05684664118210471,0.01954617880673817,0.0008152813862148112,0.012400611229785313,0.02763276951808304,0.01142967233735167,standing
-0.01221217422042836,0.44301419697654676,-0.02881414815579502,-0.07875999323336193,-0.049817186593218335,-0.0013805777500542626,0.06556360208204055,0.030649376908377896,0.30771584311557426,0.021068471053864196,0.001530975079209962,0.013369864617911944,0.03353381291913623,0.034843817353494566,standing
0.12658437135843603,0.749065164484793,0.08200314925996378,-0.05483159425211162,0.0016705547875428065,0.21418455260133268,0.15982268221149012,0.1089278970186315,0.48340850927976986,0.0668039338091321,0.004416905174549774,0.029531092037003027,0.15352510345773604,0.11119140869547557,standing
-0.018610848893177708,0.29375314421453724,-0.03345997891728246,-0.10501575807491259,-0.06123067209610558,-0.002637508859081983,0.0712490415298851,0.05159580228433357,0.1851277563025159,0.03726900148392522,0.007298606295023786,0.021190709265941222,0.06795439914320979,0.040465714048186115,standing
0.03374602696098257,1.405346188129677,-0.002008828712139879,-0.1258825914947669,-0.05615374922146173,0.09277741082524404,0.1327200013209139,0.09063649068757625,0.48432427912868387,0.06649860585201457,0.0030306482452140343,0.03739419316477913,0.11577657515952235,0.07688612871253428,standing
0.00034547097410796824,0.6154964568905756,-0.02478011603965683,-0.12327672159406058,-0.06341014040987059,0.03372078400414312,0.09686844527022435,0.07295984192497507,0.478296051707224,0.045892717045497834,0.004395966638381066,0.029937631882774027,0.08571709458393513,0.07498961920036441,standing
0.027852792662385197,0.6038680160353942,0.0003261649048442311,-0.12154850456066066,-0.044415429665048994,0.08181236566002037,0.10556217226492749,0.09487915733697173,0.4069492020763564,0.07618521040206791,0.005359620397441789,0.04161856467885117,0.13047438767992242,0.0703801449082754,standing
0.0006212719002989813,0.9771349222123102,-0.02304924756060097,-0.12177293328302309,-0.06513728241679603,0.03518621017456236,0.10361401271199194,0.055672831820527506,0.2950008950009725,0.04261144407578475,0.004685062056710755,0.027612780917886354,0.06821090265156637,0.04308338483359359,standing
0.005423036776441692,0.9525910664817234,-0.010944418164545555,-0.1277007878394925,-0.048052192548329334,0.04139057504591445,0.08308216488096759,0.06482327165015214,0.30744422966285206,0.053146415800969744,0.005565668092524849,0.035534113013951055,0.07926600090110839,0.044186622343279615,standing
-0.012623205593711955,0.3095005706615014,-0.026167172450215555,-0.12822351623782183,-0.06488674730801416,0.029419333402831323,0.06965290598037968,0.048878828889902595,0.19571654308931324,0.041600475477237164,0.0033704858297689544,0.02656998538429288,0.06255474840520822,0.031121130886893937,standing
-0.017733405448018887,0.7404889819400509,-0.039001137368011904,-0.13180596323296354,-0.0699961994401174,0.000739683642945542,0.09103492080505808,0.05053892150016854,0.2541895828933856,0.0388578881113465,0.004127442703949452,0.02678160743127481,0.060729402293118524,0.03931918904539409,standing
0.0020936654875345156,0.67447487530421,-0.018665775785011912,-0.13483807638968656,-0.06284936628679721,0.03611789344324032,0.09521387371670476,0.0534090507687704,0.2533946589939028,0.0452702408676689,0.002790163324716342,0.028664246474824673,0.06830309006912957,0.03471155607243824,standing
-0.030956289031916637,0.8640116437921872,-0.04582476882124335,-0.13008286179675954,-0.07482658797451061,-0.005958216590330023,0.06998670083656267,0.04131631026395947,0.25482716004298994,0.034400906939993384,0.00244927654993281,0.02307342894476227,0.050324859561224185,0.027597662808781894,standing
-0.011650329513339936,0.5201990881298046,-0.026829682980793086,-0.13234377663148508,-0.0657640770764589,0.020022872227159212,0.0776535789474095,0.04794817170486347,0.24185840624844662,0.03920514088717891,0.003964284885747971,0.026591343168458174,0.060228969482726526,0.03187683124279423,standing
-0.020454146477553083,0.426023129439602,-0.03435018395570878,-0.1296304400222065,-0.07090841494193055,0.009268682162126896,0.07009106307416962,0.04013043478216644,0.15674483283707935,0.03536954722120979,0.0009733164261451043,0.02302921787152662,0.05067673179582839,0.023457332133729084,standing
-0.02878115790749077,0.7725705147505189,-0.04753772498795159,-0.13041647138946244,-0.07655546031938498,-0.001906440857731985,0.08061504178785175,0.04496088952446813,0.5407728517376683,0.03535537750986524,0.0024857258266996005,0.022597580980896946,0.055479688332269225,0.04331249821916195,standing
-0.007144074167746431,0.7895231719435294,-0.02752545649822697,-0.1267832095488352,-0.06524763940522663,0.02634242827230414,0.08495064124758321,0.04994033716690633,0.34344040544355936,0.041042027254602924,0.0022976289255541345,0.02670406391461069,0.06397276668882093,0.034551359855212474,standing
-0.027438042666355585,0.5809806207576365,-0.04372656383648178,-0.13101146269000094,-0.07547842140656146,-0.002007076877819529,0.07317482597991891,0.03763266300284158,0.19106071165815555,0.031828513533908795,0.002992362989802232,0.021806154849349512,0.04443207828028123,0.025156743696101273,standing
-0.01757740210554848,0.4407255408578727,-0.031786807325520264,-0.13044752768566853,-0.06419638295584207,0.009915368094424393,0.06871238473985741,0.040891029014337346,0.1587364669535278,0.035780553866529285,0.004188048234989874,0.023524268883109614,0.052675221696679965,0.023829440040365756,standing
-0.034093429133907206,0.26378309130855465,-0.04252891035249641,-0.12875300362035572,-0.07197263987791659,-0.008994562805705347,0.056557744071600115,0.035885981967578376,0.16105890773141027,0.0310121095637917,0.003522624569183282,0.022377126409700784,0.04355295773426695,0.020146670974629667,standing
-0.03582646806560905,0.31922582438949726,-0.046172041905215025,-0.13183875210654414,-0.0745506044025838,-0.011485010132322587,0.05638436509471011,0.0366245143436339,0.13939285610184673,0.03162007148146266,0.0034484357629916127,0.02182412482726337,0.04773019017237209,0.020788928968221158,standing
-0.007781507870100996,0.41626733599676563,-0.029476002986597007,-0.13070452831320267,-0.06418145518967322,0.02855943639593856,0.08348187861281102,0.04790002084541129,0.16701638158278373,0.03824238944732394,0.0030480762256281965,0.02593132811965938,0.059832974797376884,0.03227476665182395,standing
-0.037679254373186574,0.1894960143494826,-0.04765062948507926,-0.1304682395298959,-0.07822514855490165,-0.00869635691052497,0.05578778854400341,0.03760529750272614,0.168988274989675,0.03365461704802411,0.001926971140339171,0.023658736736296614,0.0480100766067437,0.02014015952722814,standing
-0.01591984313371964,0.26548737311174747,-0.03506550806444387,-0.12757962324788102,-0.07209123056322196,0.017945472030366783,0.07610305558817904,0.03992789528317321,0.19812300796527368,0.03384090588109891,0.0018008238099249674,0.022372153654125787,0.04953231398522083,0.02773349568871753,standing
-0.041834279345088744,0.18433142963261878,-0.04803704223197494,-0.13010906950078277,-0.07876381675383513,-0.0156686244946728,0.050947546814200786,0.03454739747968016,0.11949810732896768,0.030266658579733794,0.0017937785905294732,0.02060590372043121,0.04485312442020181,0.01906628495128278,standing
0.0529479788050847,1.1560054870247642,0.016885593655071127,-0.12175402015152778,-0.04172024052332747,0.11053703734674969,0.14259182891041178,0.07892901640114981,0.9131100837428775,0.058226340998605366,0.003085620717781594,0.033425628189475975,0.1068596624879162,0.07697866794836797,standing
0.06071865503769103,1.1371139735068179,0.013492932837157898,-0.130355408325889,-0.04556925578077915,0.11615729501278807,0.15892163611546237,0.07914654304305725,0.46810370680330676,0.05976548459066634,0.00693545912160102,0.03732241693594493,0.10412800250785459,0.061609347704552696,standing
-0.008176437321313202,1.0016338231291704,-0.03778834904516445,-0.13091049099188973,-0.07068333706040286,0.012740436850536614,0.11330427825612989,0.05534997957786074,0.4596762943006344,0.03843200535307989,0.0027911991095712486,0.024606324565133262,0.06286870791408472,0.05669189092258128,standing
-0.02160375714370021,0.6722333745036511,-0.03887599647294356,-0.12619486511919978,-0.06725015349056984,0.005043297342143066,0.07323014487276348,0.04951564125930716,0.27198327515358234,0.03922066545440135,0.0014267750216673675,0.026697945698842485,0.05885323983879946,0.03563511320031012,standing
-0.001909429278364434,0.4622327127277875,-0.024089187776105067,-0.132880390072093,-0.058988555180054955,0.02873187084778387,0.09088461929779874,0.054543166297368315,0.27976696793498096,0.04355571708095709,0.004771851372467266,0.027136877550210145,0.06656167683390551,0.04111949362554612,standing
-0.014433206377461915,0.5903244169780841,-0.029273892819894724,-0.1286018430288109,-0.066314316533507,0.02222815285395042,0.07491542307455924,0.04550747119113544,0.19164223653751736,0.03707919282619464,0.0033903897678673467,0.025570228074897713,0.05677676743350449,0.030363108882646782,standing
0.07152783188239714,0.568547449487881,0.04323207077679453,-0.12156160895966156,-0.01778900100535647,0.1391125808186651,0.11816535028577478,0.09289123788948399,0.5727791989243789,0.07224795050515945,0.009248011823087215,0.04361860791990837,0.11309776897197853,0.07330216223454188,standing
-0.02966906845729018,1.2872251145668785,-0.05538842471953584,-0.13167448479127036,-0.0812244478949801,-0.010661439767478034,0.1034932813415935,0.046483513348411554,0.4473981505990832,0.03636750231875366,0.0024341843687020613,0.02244824716856265,0.056790447227443,0.04267383692037318,standing
0.05483765884271158,1.0988060206692043,0.01580022784670479,-0.12527241082686436,-0.04641483275134911,0.12996385596525892,0.14195995228508926,0.10255350159938352,0.5843289707831938,0.08101739491560409,0.010603745774060657,0.043012937264975036,0.14861750199924362,0.0769402900914312,standing
0.024175314059774845,0.5096681464159347,-0.0029977482840002623,-0.13203358036503227,-0.050053866945805096,0.07174751486996406,0.10513403124681286,0.05939734805401655,0.2637617899361081,0.04793843317555198,0.0025260360462995906,0.03276781003784795,0.07228208887629055,0.0401738610718222,standing
0.028398347580468122,0.5538888968646212,0.006385641806552933,-0.1325482971871692,-0.04045212367908295,0.07409727899042647,0.09945747523962173,0.0681429967115784,0.28815638643230346,0.055386916876167244,0.005870504619450817,0.036500058417029704,0.08711733996359841,0.04503341718731401,standing
0.012711946690135957,0.9080225821003631,-0.019285095842038844,-0.12931373135350666,-0.05916387090608185,0.04774682522138132,0.1124185410029509,0.07136052366771596,0.7181032801692481,0.05102647852126227,0.004192609679278704,0.03477190834581853,0.08249252429780538,0.06712096725265038,standing
-0.008977254692230019,1.0931156044194887,-0.041949639017832364,-0.1316270183950525,-0.07271142312962443,0.010372681722507854,0.11985743251482606,0.05591925225730859,0.5192370208951924,0.03728075511030793,0.004145606996426017,0.02516231929153171,0.06091514631435612,0.058040704160319714,standing
-0.005654389173204398,0.5699881013680708,-0.02243029456960955,-0.12686090063432215,-0.06200822826524203,0.03091587755393721,0.08231003259112346,0.04982398996771075,0.25452034796350487,0.04260156195978049,0.004137512794322917,0.029999349959112367,0.062492391503587354,0.030020900593894683,standing
-0.02213568138331575,0.37537412495009553,-0.03698527307739363,-0.1296273552033527,-0.06960789053118208,0.008447862472522508,0.06727157160373369,0.04861574404463189,0.3040640638339994,0.03819924054787904,0.004299391113012987,0.025765736293260955,0.05612330724402074,0.03927426116314864,standing
-0.006329179620044492,0.6292294159453222,-0.02136034902474975,-0.12656704456934484,-0.06205652879950258,0.028424493149359437,0.08296510865524068,0.06275349222009931,0.22492508931129926,0.05337256413701834,0.003525281184744447,0.033114927798885294,0.08343575681204987,0.04022994481015347,standing
-0.019614236473639142,0.3173255645459638,-0.03264661027274825,-0.13126729895810155,-0.06629453501881244,0.011806580524895999,0.066837482487635,0.045401015474485246,0.1523696580535525,0.040251289699187204,0.003957953618057208,0.028344476800782684,0.058565856584776504,0.025141525806067922,standing
-0.005980294214248551,0.3841620028933738,-0.02483178201573555,-0.13453126922256725,-0.060815126913614265,0.028540274716808853,0.07947350515430986,0.05841952217263618,0.27232528762402164,0.046918939700526796,0.004912349079056861,0.030908635725664987,0.07087664657212724,0.04301304422757073,standing
-0.004056433806363424,0.4421167995753424,-0.022075715920609217,-0.13290225696084637,-0.05868454259419999,0.03759380740804195,0.07692849675194795,0.059227996773629284,0.22026894888216586,0.048716451239334047,0.006467718836815774,0.033743861051279286,0.07657135977145489,0.03771182349729095,standing
-0.0002593104991614901,0.6533451056461017,-0.01912687978211014,-0.13417270262231343,-0.06013663196174096,0.03594191398429641,0.0896087273053224,0.05155215340886486,0.1892124352541344,0.0436879316653775,0.002152372064308157,0.02994790112586415,0.06303611623499997,0.03381777054501433,standing
0.0006856979044362688,0.41392752532123583,-0.01666369513334654,-0.12254864124820242,-0.060257657049398526,0.04097492617190925,0.0789321276329207,0.0553145596436536,0.22883451653113826,0.04828455740108877,0.0017477642876337928,0.03064328494921273,0.06816876274163831,0.035830896544883764,standing
-0.02427979166194107,0.5005401894685495,-0.04410436418768102,-0.12635401766868426,-0.07391693652636443,0.0015651894354189871,0.08005237220695294,0.04439960018909979,0.23714669157317342,0.035562558699864244,0.0040259676377812775,0.024225727720606015,0.05329142855120295,0.033423611406621485,standing
-0.007381882896032007,0.6590881797411203,-0.028418311765500637,-0.13090239883161717,-0.0655593888966014,0.022355091028838293,0.0980365023839729,0.05022377224107872,0.19686167978506916,0.04078435007179246,0.004358638640160265,0.0276421859777873,0.06379716938778579,0.03335603712957757,standing
-0.012191242186742017,0.8139349798432547,-0.028433951616421767,-0.1298232052519847,-0.06720796136798095,0.01986314146262976,0.08318614135355565,0.05458207829524369,0.24529553538673415,0.04338095042357745,0.0012663660951727814,0.02919983757960001,0.06917375569941175,0.036999690190648894,standing
-0.0005452478635365501,0.6030638369294208,-0.018090480029792855,-0.12726721516356956,-0.06259969794879114,0.03576649797867951,0.08837078978586956,0.05579120757604439,0.3018751251862537,0.04623157847510577,0.0034770113228908836,0.029275321828571274,0.07071486073999488,0.03910934951062341,standing
-0.005233234727925411,0.5127168417586601,-0.024701248098553986,-0.12043134108855655,-0.06405651588261348,0.029120478283261496,0.08242062940560217,0.05489719999779701,0.2150461922031688,0.04610462866557357,0.004136626715797961,0.03094567202149627,0.067850015297804,0.03604908203996622,standing
-0.009007062103763994,0.34777568182608876,-0.02266024030769579,-0.13348223380044114,-0.06119034201157861,0.02431199661665117,0.07193729140680293,0.04678629525455483,0.17459752954356253,0.03961791036379886,0.003123790990961785,0.026561181307618316,0.06196068268790669,0.027146907957297055,standing
-0.019866559936043544,0.4334183236791653,-0.03716822832252578,-0.13404748126966787,-0.07367143212847367,0.012978389182596653,0.07614451085332391,0.0516762835061603,0.2749183073941418,0.03986753108693841,0.0022375624951081713,0.02734320883210052,0.06838449259013367,0.03676277566440999,standing
0.007466891888773097,0.4892710380321365,-0.013902522489758644,-0.1236798682902981,-0.05428921807407622,0.04102038568512578,0.0913131756514723,0.06398347967640215,0.3245540888954543,0.05342009120528424,0.00851940463490597,0.0350051158789648,0.07709763959559246,0.04505359654095744,standing
0.039720073806242935,0.6164065390871709,0.009461890069826895,-0.12595160540363295,-0.03667913517113379,0.09196850234264276,0.11084073179290058,0.0764755303999183,0.35028040191814136,0.06200397154595533,0.005365981000479312,0.04127346239223275,0.09731028356898946,0.050903551521183955,standing
0.0550941248523953,0.7278611021591836,0.02407775612330504,-0.12271899617551346,-0.026206001849235723,0.10967109589625512,0.11901889063287573,0.09385645505717881,0.5463679745090775,0.07215925257271272,0.007436609364591223,0.044402126229424826,0.11998641897518632,0.07434613144699237,standing
-0.006858567727498226,0.7983051580373908,-0.03201015432099425,-0.12701798328555752,-0.0653395244052019,0.028352823857592253,0.09576783891281988,0.051316938896410334,0.26467790645296313,0.04388764863328341,0.0024619535342435355,0.02873864720909701,0.062297923274166916,0.035795481280845545,standing
0.005891133058753839,0.4209187103821081,-0.010599709131661375,-0.13010723092789028,-0.053008801179074694,0.043131314702376196,0.08522529380518244,0.05219579790080573,0.21251342971272275,0.04473226572406351,0.005062259932522481,0.03028638434582134,0.06570148580955773,0.030740622238589622,standing
0.027165029408726865,0.6979743236527514,0.004612495471705197,-0.12354620831643004,-0.04610262143998167,0.06832509550544127,0.10883086717157257,0.07362583483981135,0.44005211728296023,0.058990997724938564,0.001507942849347942,0.038433445161749735,0.09223737838187776,0.055725375956999966,standing
0.04155560569903952,0.7605086718382819,0.013879278030623596,-0.12703594647332994,-0.03548040343612119,0.09251296850957846,0.11225661210979457,0.07210006854437317,0.2920974827945247,0.061494680558213666,0.006479095312115879,0.04053161692165273,0.09087429138641692,0.04509734699202626,standing
0.04110637318273415,1.9810624580012568,-0.005156423749812955,-0.13395480150862019,-0.06016257112578494,0.07566796585205908,0.17323200230825045,0.0687680870056977,0.5846327533081292,0.05180245772337675,0.002799745953001702,0.03046136624133923,0.08394183633072835,0.06822984945372197,standing
0.0053847565969470535,0.32871205346680277,-0.005535223174090456,-0.12436371539625636,-0.05341706512547128,0.04923553425062933,0.07478508115090239,0.04892695927634468,0.15967548942709736,0.04629538860713971,0.005492385703423666,0.03013700090487798,0.06205356380466576,0.02433570759605601,standing
0.005746745133911846,0.35992309213050855,-0.007410618228802041,-0.12139635275255435,-0.05476287813939294,0.05304281737019551,0.07940345942272198,0.04506293986645177,0.17994835269558276,0.04056369691814383,0.0039039568411135084,0.026639331328661926,0.05934264035566431,0.02548798192492723,standing
-0.016987679557790743,0.34281723737030034,-0.03810727135788202,-0.13136314206656813,-0.06908050896840093,0.01654423593419653,0.0756743284584823,0.03871079257997702,0.14299655153691218,0.033563029309153815,0.0012036789730822397,0.02155874449493427,0.05000951787142847,0.023212616269409757,standing
-0.05511777311691426,0.13532752160881983,-0.06916074892934046,-0.1303753960933381,-0.08647598495990924,-0.029832470991608906,0.050875181516797034,0.03361365887353461,0.1530830315705143,0.029244920663014644,0.006090740430856236,0.018915700525711284,0.03690247196470896,0.026133967386029997,standing
0.06739444619402785,3.0396690356272704,-0.0145763077576464,-2.1405854163470663,-0.6669593174391759,0.7476935283696462,1.042189218027065,0.4614280283383148,1.6654777399606562,0.38836178935258037,0.04080945653323218,0.26476214784746127,0.6272816651358972,0.27590894981522246,walk_good
0.18934335456636878,3.361654480037769,0.033040651084816464,-1.8036350007266517,-0.45110181168022406,0.6761497991744129,0.8812284795567346,0.42532833111346985,1.2345437275938462,0.3964621054615535,0.04325529585190935,0.26940628545900824,0.5400009775287498,0.20859193420271108,walk_good
0.0529912327738012,2.747790833239898,-0.028686554700938505,-1.7609432070647395,-0.5523320700228318,0.5587087793197694,0.7990408444740462,0.41586315313643185,1.0188254784346882,0.38612926936113257,0.012919420237559081,0.27482732424641493,0.5304352244205809,0.18956816157893686,walk_good
-0.023590101315169438,2.914826876519777,-0.150156347915669,-1.77246330092898,-0.6575749936585885,0.5142934717803659,0.8643819000495913,0.3803411625620711,1.002125284389758,0.34856262853907916,0.030194100733111805,0.2520976055809866,0.48664926202420655,0.17826422901552647,walk_good
0.0001808196131276986,2.9130872665879566,-0.10766602119115065,-1.912590182149693,-0.5839092762800491,0.4583625734504082,0.8369720668792275,0.39211835740719625,1.051930178149129,0.36438797034110376,0.031108686025539126,0.2651774492218906,0.5076454727303753,0.17578822023531676,walk_good
-0.11786922310339171,2.35535183117528,-0.20159962130245934,-1.784343830866132,-0.7000460209646844,0.3327998842647435,0.7724273249627546,0.34381473593505146,1.0546648078084484,0.3110705115283168,0.03643577628639272,0.21927654125478518,0.43941976677966516,0.16737955206441044,walk_good
-0.3624435072214255,2.4947197098511658,-0.4766730323810098,-1.8214033173642377,-0.9005018705825889,0.017992756938320253,0.7619785215542052,0.35088062151405663,0.8043865656553683,0.3162799101614865,0.032800492407936116,0.21527196086151354,0.4644883071052095,0.17022737767905868,walk_good
0.5494698463648822,10.473701672761006,0.2201329946401014,-1.585359149446529,-0.40116237072566735,1.0824892210536992,1.5159867386145216,1.3080461700612005,7.274710979568919,0.9858554529408479,0.01285215340780674,0.5064254724601078,1.7374726161374716,1.0931320840749605,walk_good
-0.1254492247852953,2.7626168131472806,-0.21253389653539168,-1.3506908208680177,-0.5814070011369934,0.22677380923605983,0.6409467065687501,0.5570903850463539,2.0534729440202364,0.3391779365423639,0.020720739491842527,0.2399206157091099,0.5446012972999194,0.5205429435074427,walk_good
-0.37119157172032957,1.664847613946997,-0.476701769136084,-1.4747631818813158,-0.7170284489404203,-0.126962293499719,0.492691365314921,0.49645657917976577,2.4677729305225413,0.26595019657325975,0.018426143477205774,0.17649506590875966,0.4636636630865638,0.5833040657305595,walk_good
-0.35399990793470637,1.6516399246610114,-0.47127886151326004,-1.5058877562319888,-0.7707692583086287,-0.047356281354076435,0.592911302118636,0.5114256326181823,2.371368789531544,0.32408251968835206,0.03905712138780318,0.20984823245379763,0.49955628039368405,0.536281790150997,walk_good
-0.3436708133720448,1.4294743139407682,-0.4467046680286686,-1.4514064650952148,-0.684100061246403,-0.0451556936294043,0.5001111770774685,0.49845732136041704,1.956454928042828,0.2825886297960278,0.014288343701167548,0.1806124354415406,0.49176978320144,0.5212872437018083,walk_good
-0.2912667422068505,1.5632380966051664,-0.3890254124930834,-1.4108734588363128,-0.7049855000562855,0.012586305789001162,0.5852496490991631,0.7354559883263848,2.2295557150261414,0.3475169818002165,0.04945603452441489,0.2274883406672269,1.395019613942698,0.7065617977399079,walk_good
-0.26102981932979086,2.5658719498425233,-0.35404262698167577,-1.378044151995201,-0.6671911377894005,0.028510093210796617,0.5732087113076212,0.5803418354548063,2.097627108944253,0.2982036084551133,0.011761040366500566,0.20660747396287704,0.7122090213738864,0.5875655494723583,walk_good
-0.23120881792738268,1.5606033381294646,-0.3229726721955618,-1.5197701061161524,-0.6161630831524919,0.07822691626848349,0.6245670000622404,0.5126486488398361,2.1422935156967458,0.29084064799290044,0.02378619301724267,0.19971436358216496,0.5240460090621328,0.5234864678260086,walk_good
-0.21104627647637778,1.8651942828645958,-0.3136667661388415,-1.3937641926104263,-0.5703409261725907,0.10543944975224956,0.5380757893563753,0.5130932245098684,2.19102044226378,0.29924794493849816,0.028563955122619916,0.19458774877586588,0.4683644671885528,0.5460135048610069,walk_good
-0.3447787148149788,1.5277391752549259,-0.42857367492817366,-1.5135001884722072,-0.8008006116979823,0.04973400592379429,0.6095113556806341,0.7355561996977557,2.3308971870242066,0.3596588979195463,0.039130342023921745,0.20599743453873112,1.422892203672368,0.6629768357690108,walk_good
-0.37251220203865487,1.6783697002892144,-0.44361232190480826,-1.542415365479096,-0.7697683669481217,-0.05555258801144308,0.5625157301098838,0.5392927138303185,2.261500583577953,0.3312789828633982,0.02923222783116245,0.21394438794287085,0.6842534153938602,0.5160344541137841,walk_good
-0.10902843013499419,3.882499639519809,-0.23911069646886463,-1.462379077218242,-0.5692812837266911,0.2459114151544406,0.6716472023500838,0.5402503633126894,1.973908219441068,0.32909118680201865,0.028593713418197757,0.20940651213459133,0.566413542969608,0.5191732171575174,walk_good
-0.1793201176202857,2.533509778678699,-0.32854031339684087,-1.5633923872919642,-0.6633788339120745,0.17876348969959077,0.7260670041687803,0.5689843625314912,2.538352528080213,0.31388145530383893,0.027022965108474337,0.20911709989403549,0.5644548111308855,0.6059191307910976,walk_good
-0.15100006659535917,1.9895497225241285,-0.2570498018691686,-1.4795344847594376,-0.5380472358943289,0.17934413301628876,0.6051675553439467,0.7808662711676939,2.2733696754139228,0.44451459699452855,0.026010827085484887,0.2625373436374287,1.3231091330548364,0.6640675880442942,walk_good
-0.03247276610787074,2.1786670190074773,-0.14203702413594266,-1.4590090942401812,-0.4646193378068168,0.3414825730024995,0.6670795731533659,0.5476957199460643,2.2014863154073394,0.324322509305775,0.018287174543104735,0.21630896779631886,0.49954968498523133,0.5586133922980697,walk_good
-0.08180500875893612,2.3571979644606236,-0.22518109952087795,-1.4402760745493932,-0.5201273959642234,0.2812069009743406,0.668592575226685,0.6028865455540042,2.344693272120334,0.35463704569469817,0.023198211901726655,0.24157613838343528,0.6155614087733424,0.588565074249194,walk_good
-0.11450358693386758,2.5115861032116316,-0.1857548653187968,-1.5063196835135726,-0.5403221777625149,0.20625424534890469,0.6337626448122069,0.7730162532670632,2.3874238793861786,0.42014914628815825,0.018517388158289183,0.26052029069160637,1.2415723973742658,0.6936691402493831,walk_good
0.08540161895436608,2.718419885291695,-0.08980117895005779,-1.5121844734170162,-0.4151085858485563,0.48907248815413107,0.7556624145270651,0.5728571542962734,2.1397553468590895,0.3655406904794742,0.04736607677708758,0.26524492772525166,0.5580646486380375,0.5324628443670602,walk_good
0.012804642299015626,2.2758348790766485,-0.1296034468671512,-1.5718951541607133,-0.4938156140531311,0.4223248891654089,0.7362618465039479,0.593844343957435,2.376776026911377,0.3573940521372174,0.029508270336103728,0.24207816483713715,0.7072851430285785,0.5321384566271439,walk_good
-0.04067514126257372,2.0730849227678103,-0.16924934353583931,-1.421772965325102,-0.4820520100676872,0.36270215015896,0.6795138610335594,0.7801151653253046,2.5934999497193156,0.4805522591158473,0.017265080246317278,0.26670256656402014,1.3130679083123038,0.6739512535988156,walk_good
0.18662705366159305,4.0065704583786275,-0.030884141923913422,-1.5242944824249012,-0.41637792809264523,0.7161894451337762,0.8776497451675819,0.5590821464043823,2.633675944270598,0.3650248913303698,0.012016809916518194,0.22657641169058218,0.5742359094257294,0.562317295498416,walk_good
-0.02812184334404546,2.9266950695533867,-0.14901442120904085,-1.5550830740877946,-0.5702764896990007,0.3820444225511247,0.7668500136621649,0.6788441758477802,2.5119485620945206,0.3961148423030744,0.03876546583861353,0.23291250008173792,0.8973887675418801,0.6502925812846422,walk_good
-0.020382401147207577,2.6710304886381175,-0.19432324486696584,-1.4968906822231218,-0.5225157440979451,0.37968153543249383,0.7267919254576193,0.7164803110131993,2.8144386411960793,0.45258395070725516,0.056464001517487046,0.27096065373479544,1.0294052366489812,0.6338443609759083,walk_good
-0.45661322687010464,2.6178608889880763,-0.5699465009049156,-1.578356443000334,-1.0747178871199528,-0.0027459225025605605,0.8388255968108779,0.25122995749235194,0.8621078069571381,0.2388469328939009,0.0015320150252151614,0.1415430369113551,0.33950037873912065,0.1498254955303694,walk_good
-0.023261390770681557,4.152559490247555,-0.26232418933679313,-1.5424437183799258,-0.6619828054908073,0.5032188659639895,0.9919971737298481,0.777692446320009,3.0573525458741684,0.4526045749016661,0.027212153192046198,0.22000040641885565,0.9903685963799191,0.7705454989482714,walk_good
-0.017303380265594945,2.706165596158982,-0.1686386283525918,-1.4198304551585232,-0.5051516332353932,0.37949334439094207,0.7068285416988213,0.5365002849789569,2.727553946501613,0.3023772460827353,0.041925060858059075,0.18810245502895356,0.4940778834679735,0.6067839699651575,walk_good
-0.12117750643075426,2.3296173976085512,-0.21202339555691052,-1.5087975999812087,-0.5789878108275897,0.2283880379249184,0.6421521383052174,0.5341532952448649,2.3359483424679386,0.32938957069357844,0.020153655410889558,0.22164601598889272,0.5142880220690877,0.5225094016812025,walk_good
-0.05114160941409791,3.132635984441655,-0.15596268507496835,-1.4162544009170708,-0.5211068839088584,0.28244166159773815,0.7012172777593852,0.8096691689909323,2.5416759250474468,0.44784756777567036,0.0375553611168233,0.2730198021000018,1.3581397860747502,0.7081737697786232,walk_good
0.055132554566212945,2.821256412873308,-0.1167629903517966,-1.4776976972834666,-0.4269752629774681,0.4636289832267325,0.7389932187791501,0.5396935367988162,2.4337403322127984,0.3352711094883778,0.03214584785445712,0.23536152064822438,0.4797938075231262,0.5745130523008737,walk_good
0.1268978406611,3.27522702613315,0.01616539513738502,-1.5360852763434703,-0.3994820616856791,0.5398992685776698,0.7848172096198395,0.7609537141542939,2.82037338702266,0.39160842857995215,0.020005310490964014,0.24441143911962127,1.1227661119416457,0.7576867113310198,walk_good
0.02403454468956133,3.8426936961323506,-0.1753691054210199,-1.4105919832926697,-0.5872878363175101,0.43776840977768205,0.8568629296157492,0.6434181113141314,2.601579680152895,0.3791363047795438,0.008842338021882933,0.24881281275053413,0.7940608712127958,0.6026810229670627,walk_good
0.15838029875135612,3.228297138833299,-0.02636255445806779,-1.4859675096023648,-0.46435675119177383,0.6142645050402215,0.9067268525362688,0.5718987225356871,2.5360803194053068,0.3735096583052104,0.02616285604555097,0.24675349347478281,0.6034605314513806,0.550489227971614,walk_good
-0.05304733698689901,2.4585915959534246,-0.1260479171715967,-1.5216636172662876,-0.48414617563725115,0.2968813215094661,0.6761440304969338,0.8072095515098379,2.581650189187861,0.4514942697391757,0.034263739146556144,0.28569899474935795,1.31066716026192,0.7122138839060634,walk_good
-0.029934869998919658,2.456401962017483,-0.16362380489037864,-1.4936104551336475,-0.5264790611429109,0.39056370379363153,0.740060478786793,0.5538131631584663,2.571922010116682,0.35137641266339026,0.025356625746731108,0.22524025885955917,0.5957370767931621,0.5388742518575379,walk_good
0.07485552351176968,3.313890759328231,-0.120823630553904,-1.4415839981511755,-0.4304266445471002,0.45865593411837124,0.798695147674035,0.708755076654184,2.6466254378614416,0.3582644752553656,0.03623936237098753,0.24655754019524,0.8163078009314115,0.7141589913087453,walk_good
0.014325095445125675,3.978496205879712,-0.20520296594833964,-1.3969653221253626,-0.5680406437070171,0.45339290363840923,0.8457051104470712,0.6392569593439118,2.1305531741644255,0.44053456769243143,0.006477879578870814,0.26012402424405906,0.893949838091209,0.5155180048176259,walk_good
0.10415717720192252,3.375382450240016,-0.09020631496444564,-1.4267081010908067,-0.438876748107198,0.5119139882641031,0.7945412846519846,0.5662883827272128,2.5632000444895633,0.37035190285843356,0.04454512931631968,0.22885132735000566,0.5637839174595043,0.5581521195975213,walk_good
0.050148949906457865,2.5702296203451613,-0.07731015849550693,-1.5171871079586592,-0.4775753898179767,0.4535056754514214,0.7643054658826789,0.7702538425847079,2.4983436663848577,0.47981036486967604,0.05881964145842489,0.2876799817649205,1.3114918225549637,0.6360286372774545,walk_good
0.05044168589292165,2.885946798412549,-0.1256997349707174,-1.3243719044706488,-0.4734198506886898,0.3971381743297171,0.8225788273819263,0.6626230904007702,2.35895007655333,0.40520791915859194,0.022473078355833603,0.25072117728932886,0.9089721071645671,0.6061584975704588,walk_good
0.15691075109613928,3.8101239584243434,-0.029335959878753815,-1.355811600859415,-0.4281865223025533,0.6281096919186047,0.8381340594983914,0.5641438409198575,2.6226898152056255,0.3286455508174132,0.039272199699403265,0.20455528852557225,0.5674970872107059,0.5984690305915605,walk_good
0.1396538049089934,3.582499553853104,-0.06658557242910157,-1.3612924462426816,-0.428122862840923,0.6328869230997024,0.7834265878908703,0.7987477492162601,2.5374610138243727,0.4811467507911187,0.0370128303225607,0.3100316624696173,1.2879970424337668,0.671768762473313,walk_good
-0.04108037086706996,2.324482077238267,-0.20238675295182207,-1.5436802219457828,-0.5078243956724048,0.3392055356859593,0.6952148728271332,0.6021121170139947,2.447568107754234,0.3594965094521513,0.032722107923378395,0.21109151992239586,0.6846142833230471,0.5904804072030596,walk_good
0.01428513795349657,3.187314768326897,-0.07087760340099636,-1.4991423096035592,-0.533933297162902,0.3970218363326474,0.7857962098058952,0.568273501974921,2.3281493194810112,0.3798623521447351,0.010634973177304536,0.2518854543382249,0.6500169854210829,0.511720209730472,walk_good
-0.00787166370764838,3.886101686460898,-0.14996708434252415,-1.5440995210117394,-0.5453738191713123,0.339170053094399,0.8353546578363453,0.8236181976605299,2.3564771058371097,0.5448526703945487,0.05489674563946078,0.314318124973089,1.2494009012213838,0.6734106855559038,walk_good
0.20208790357803746,3.1916567690420825,0.05719240851400975,-1.4402290496206875,-0.376203145210919,0.6698204176129953,0.8271811505519647,0.6143717915424979,2.5699465362646676,0.4046182810826524,0.02261920975318539,0.25468387359661765,0.6698185716904855,0.5770549114641148,walk_good
0.14693409457617956,3.106719864099728,0.011539819385596561,-1.2522733361211187,-0.3717515489768616,0.6278660479224518,0.7534292882961141,0.5787094523591589,2.466917326197339,0.3433494301833361,0.038214151119771514,0.22761632031748424,0.6184034039363743,0.5679518901409091,walk_good
0.04974572678189527,3.1526559039402464,-0.0929785850781768,-1.5424491729733238,-0.4950871682047462,0.41783391877733356,0.8145036009111237,0.8222884184922415,2.285768871876955,0.5983939496149219,0.05704422829839652,0.34324017662447376,1.2718140698193556,0.5837885570677842,walk_good
0.0969400995578586,2.7983384785689704,-0.10852432724366079,-1.4300212121008355,-0.46654280018193145,0.5355924264776922,0.807065856655175,0.5792665303356945,2.6273651268728755,0.37550979804298223,0.05736239403802403,0.24872746398689782,0.590904388924355,0.562034630209934,walk_good
0.22677837978351614,3.4283516347569245,0.07837196037260363,-1.4204394650742476,-0.36837720246180616,0.6327914155669381,0.8922461378893333,0.8059213377909032,2.629874823748862,0.5363198308863916,0.024336461596287714,0.31831353465244866,1.1799271765306187,0.6706900441464064,walk_good
0.11427522361523747,2.919316909129419,-0.06405136586579718,-1.4441669003998898,-0.4355470958115183,0.53837411177499,0.7911869297926363,0.6540352768230312,2.324325883933011,0.4324049234047741,0.06244049520224625,0.27826901077699917,0.8392072441810476,0.5490457382725306,walk_good
0.258149670323513,3.232685367793149,0.10221148599441687,-1.41879975831179,-0.2802645099183255,0.6905760607691248,0.817550788840436,0.6123881941697129,2.5234983320900097,0.4197731392153557,0.06647980276070979,0.2642682442057424,0.6400699931826764,0.5494645694334294,walk_good
0.146036531563768,3.3210098924585587,-0.03290689055608764,-1.4401144749516575,-0.4032004341212352,0.5929757065664123,0.8210768618496738,0.7891158473205808,2.4847647975822236,0.48459837337970074,0.04927413636173099,0.27208582877591325,1.2854023176324243,0.6754866415473058,walk_good
0.24068394602026186,3.6680803786745004,0.06659506477793586,-1.4222876364355836,-0.35748726235671463,0.7047411280733223,0.885563020786269,0.6707339619466546,2.5410052519017188,0.4817806292227872,0.01168757750877077,0.2784146536769813,0.8267995358394096,0.5707073213997339,walk_good
0.33226690745392634,3.072916492673323,0.17524989420820736,-1.4302126917874116,-0.3367044058756247,0.8938414962721328,0.9288902009594414,0.6326381671709462,2.884917221025118,0.38766889872542776,0.035785936310618986,0.254564666885149,0.6288339857165576,0.6263909207310996,walk_good
0.13933958166189922,4.194973854062291,-0.060865806523066945,-1.5637423237710393,-0.443907208541821,0.5574248293912352,0.8869337007645635,0.8450914328672435,2.747963231513346,0.5967799951650232,0.03941278346351538,0.29734179566625896,1.2731111566164006,0.6805217580536174,walk_good
0.17644286453572885,3.7050261620722376,0.018408741917273375,-1.3602051981994294,-0.4324549894107816,0.6266493848616203,0.8390468500753525,0.5739081186667107,2.3827061983841227,0.3764608156746938,0.027347892527893748,0.25333242154609475,0.5872393729473172,0.549335530675881,walk_good
0.18186206383412284,3.2540563226043995,0.08941881434709109,-1.5571199372971634,-0.3634597793585033,0.6123346353662796,0.8091058489056673,0.8306373572989533,2.762784004312284,0.44048090782991767,0.0198550818515616,0.25390153318446307,1.344718605292763,0.7672273536549387,walk_good
0.31777169524051463,3.612252209324227,0.10118738250147341,-1.3883334853577842,-0.3453818392424784,0.834225408358963,0.9169859352107629,0.5620501222612793,2.4250876846678073,0.3593468001394965,0.029045535654733525,0.24171313843007847,0.6150608526625703,0.5318950825794324,walk_good
0.1473042957382452,9.382021096134409,-0.03491580810704897,-1.5221873267658783,-0.48631347843412415,0.6044526721931206,1.0298839069389374,0.8319114976811843,2.7055954587016986,0.4967547879254111,0.053989716881568894,0.2821139601638484,1.3080135259029229,0.7111607912089561,walk_good
0.23516453479297844,3.722472035881193,0.07067697628323721,-1.416710532936246,-0.41359087706010883,0.6720768810123938,0.9122715723450091,0.6444026543964871,2.679894378044817,0.40820688559525287,0.06043641760164041,0.2649698513399293,0.7365781016003935,0.6136795522507956,walk_good
0.325012127199681,9.283695219977384,0.12876663601143623,-1.464297559448658,-0.42435172213110717,0.7803396983163277,1.2172885201948183,0.9605454837443307,3.9888309157501736,0.6534146743802203,0.02980249231312788,0.33096621630654544,1.327410922273574,0.8199551519792991,walk_good
-1.3605169316293937,-0.4275944637500526,-1.4470065300347947,-1.6014855937563737,-1.514776473424696,-1.2757801804313351,0.22210085654130654,0.18710184978916042,0.8649022509397113,0.13742604959149884,0.004575231204920168,0.03416079209110796,0.29353231142011815,0.17805211729151002,walk_good
-0.412619044418153,15.702046991395978,-0.8476556203189456,-3.955199054587076,-1.9692678484400938,0.4648729796273696,2.377859459197026,1.4885244064108765,4.417876434289532,1.3687809502550672,0.060010373309052484,0.8466015513215649,2.004144093912142,0.8060165578167077,walk_drunk
-0.07630040010679347,11.913261995123623,-0.6701739835731333,-3.6331192396563914,-1.7395796685759666,0.6937269455993291,2.5551949064969475,1.5823502984560398,4.544411044692958,1.386879887577392,0.21139343880809033,0.9048219428261097,1.993376872257,0.9005846046543008,walk_drunk
-0.02914198728411999,17.37467631282474,-0.5458361615807461,-3.572622750647398,-1.6516552347723406,0.8641219008227954,2.428446302169243,1.4131175541016934,4.232277985669245,1.3040396409000692,0.05325756977100367,0.8572989895144255,1.79953835883199,0.733003528976184,walk_drunk
0.5035268002638928,17.02249919766922,-0.14232873978559457,-3.8219526284730394,-1.3987488435948399,1.4236288866226554,2.9653550340010906,1.66137881648008,5.858760195012323,1.4998251971920897,0.10997861523318607,1.0155211538134323,2.0711782726149073,0.9091880708397057,walk_drunk
0.01355313220830021,13.573255513194237,-0.46388139591736,-3.800801390713489,-1.6699572020577405,0.9573760708011618,2.466671063363542,1.5427353675797841,6.0478412864311375,1.3726163304689551,0.08639047586406955,0.9393264791193698,1.98315519618687,0.8625709461609691,walk_drunk
-0.09110126718014033,15.065876349261934,-0.6329099688258506,-3.7371484755351156,-1.488411532345789,0.7855734353256827,2.328334290824829,1.370665727960575,5.829588859899202,1.2281290303200358,0.18151516772597706,0.8041948122403315,1.7113575128611234,0.8162384392938498,walk_drunk
-0.10334032682259461,14.043249583772432,-0.5994975753738432,-3.6125918443697427,-1.7250015780543007,0.6694629789617346,2.5063873742947904,1.4618295593132202,4.085878204840672,1.3356913471822083,0.10272937271592743,0.8268187786785093,1.9068195413119213,0.8089599649322247,walk_drunk
0.18122130209600784,21.291321022821766,-0.40786869278838456,-3.547822014027777,-1.4544102009480457,0.9715377582549551,2.701849824205724,1.485102335379714,7.987371170973736,1.3377111291487924,0.13187346420736132,0.8656431259046384,1.947941476447147,0.9074187486352219,walk_drunk
0.11095397763954587,10.368531604815766,-0.19210483059613237,-2.179651661342492,-0.9242937910390088,0.7941953346167487,1.5260253998874693,1.668735788022747,8.923309790067343,1.4018500733087447,0.07808626408752348,0.870184555593502,2.1324766336523697,1.189954340058835,walk_drunk
0.5728124144713072,9.950878003818575,0.27938644825289094,-2.3250221146248813,-0.5823202599920851,1.2545822007899408,1.7682149777228484,1.877698483754906,4.2330386633378625,1.9177698931842286,0.1376649337972531,1.3788209165191514,2.358498397130807,0.7315484054922639,walk_drunk
0.8838943402055989,8.634617745470173,0.5199681307620974,-2.2099441731233553,-0.2969668742598548,1.7980548495697022,1.680734773259505,1.7834622162554374,4.504055406324696,1.7656727714664329,0.2532820298865734,1.1500786597153845,2.3242308052326965,0.7417873698210175,walk_drunk
0.9813043849883545,11.959203934378548,0.5456749231846363,-2.242731956329404,-0.3418618738384487,1.8488356256922478,1.9006961437479446,1.774396302677234,5.207702392009561,1.6830823617148916,0.10987086801458995,1.1366817341398536,2.271023175492953,0.8528250817604394,walk_drunk
0.9686852204020905,9.700988940452266,0.6619598121181061,-2.267744711058324,-0.2259526308741433,1.6406815803355697,1.797708254726502,1.7837527911343958,4.730801797736415,1.7527874619222994,0.18658311110229367,1.1432505548747787,2.3264877026727113,0.8142158772012219,walk_drunk
1.6164535110600429,10.851890568128903,1.1008434517896424,-2.1914934366162377,-0.014287503180085093,2.769581138880293,2.2136449913755705,2.3084365310565165,8.224174859874632,2.1032405375706515,0.17218452597640502,1.2824181105878363,3.0328618421074522,1.4121391768525626,walk_drunk
0.7454238400896763,5.884384677734744,0.5096516311839272,-2.1777648474705935,-0.4492170535014841,1.6188678071301035,1.6311411858674658,1.930544314990943,6.950581421788049,1.6568598723188972,0.0637155098639713,0.9526806177364364,2.7124623913596646,1.2371322397113258,walk_drunk
0.11837961402571105,5.195183877351046,-0.04498810660438357,-2.1683078625041716,-0.7901031185249008,0.8115439402219149,1.2896467249291057,1.5835473815706493,6.0201946549709655,1.4223081603608012,0.07111008559764141,0.9474031040757883,2.064931086934577,0.8652523818777063,walk_drunk
0.9514105380571156,5.858740714191983,0.7761951526728346,-2.2352713657268644,-0.23242842758439164,1.861610638282299,1.5301475930541204,1.7733071471711324,5.208035510317439,1.5897559763703217,0.08587048190798144,1.101749174586947,2.321105208633254,1.0068732689377966,walk_drunk
0.441060280869371,4.117746517488866,0.20775429228476394,-2.1557067328185053,-0.5599152514095364,1.2698535270539515,1.3418660295156397,1.576641634855137,4.888228790237015,1.4674281353946614,0.10611873901117493,0.995974531442355,2.0599514851523515,0.7971796067210932,walk_drunk
0.8063001769088446,5.975114267165127,0.5554185839189896,-1.9231663906023977,-0.3535413562537717,1.6228662582448776,1.5415004706502726,1.9226189635251794,6.309243897501278,1.7984095290088224,0.0869548904773051,1.1467782237531585,2.5519811876324434,0.9736425502171268,walk_drunk
0.24977567451371743,4.258950392408714,0.07833501636018969,-2.175480010989937,-0.5614353418362701,0.8502717791714821,1.1517129234564532,1.5880629391954189,8.49105916083881,1.4523093239362512,0.15947603947277478,0.9015908151513113,1.9215519932820195,1.0655158984376527,walk_drunk
0.10680482220015781,5.439970966490416,-0.17336162338478434,-2.055199024830292,-0.8410344614281762,0.7646226748209534,1.3226099734446972,1.9251962917691545,5.212568353448796,1.7378484635354927,0.04073976472847036,0.9339875832094784,2.5881952389308256,1.1683756583162002,walk_drunk
0.5348416116200881,8.357509154819216,0.2347027803502939,-2.081393426661025,-0.6545256023086017,1.1514293447084727,1.7133987973430946,1.3795671185849432,2.961670527289765,1.3187043747683285,0.0803235633369323,0.8991003556628293,1.8356078704269605,0.6239364663442258,walk_drunk
0.6799874492906881,11.68168219572535,0.17987638125900673,-2.225052798286806,-0.6308420418531349,1.2982566864495242,2.0203698350006256,1.6428304816730601,5.247529800219553,1.4084084802859038,0.1302560127920106,1.0034417863779166,2.1193102591555117,0.9382299128824387,walk_drunk
0.6653700598134622,13.727199362970985,0.21262317716302026,-2.212597803569946,-0.7198408389359969,1.682560212163727,2.04173555322386,1.7486782382652823,6.13833973369978,1.5274642730856423,0.0961680551955428,0.7271516056503626,2.3886535217235227,1.229850603412494,walk_drunk
0.29440105419163193,5.9241931378320665,0.1221398298202101,-2.0482648734331543,-0.59992106884844,0.978985952917161,1.2937421307351575,1.8577609758298532,5.496001460816116,1.6493128865169304,0.25122793265967075,1.1415897828624637,2.375133459250603,0.9380651320468626,walk_drunk
0.7338954794054816,7.93898326149875,0.5364293557199207,-2.223325809757284,-0.2758925331762305,1.5010090623453194,1.506805983337719,1.9931989183753986,5.319682596341111,1.7969970835353068,0.07905805591246196,1.291895990326568,2.6366423335537283,0.9381270218514394,walk_drunk
0.3712912293217431,5.991089069021788,0.13083831059190199,-2.1399673670492136,-0.6942543499702183,1.1755016847598017,1.4484504545860353,2.0523731071720217,8.615135662741412,1.900466072881039,0.1604167061896191,1.2221153378663332,2.753995169908456,1.1090688920627405,walk_drunk
0.5055781918868856,6.946081652290303,0.2365539813565345,-2.31276338070636,-0.5685091765189935,1.3545133758201398,1.4402888339827373,2.044337570661482,6.438993561141831,1.823107750093761,0.2322241607115749,1.2140527954745879,2.6825624250514846,1.1086648729269235,walk_drunk
-0.012058301818063284,5.349004655331085,-0.3046518184037956,-2.199029486457742,-0.9721546311435512,0.6339452751624689,1.3352929413851053,1.6160316669321062,6.526694746082677,1.3892401125253353,0.13213616901549766,1.0170176284529062,1.9748458775188318,0.9383096258318311,walk_drunk
-0.21889576468966296,3.7416049415168677,-0.3627361402230831,-2.2882941033068915,-0.9985266622038538,0.415751948085915,1.0208118670007549,1.6212227747057482,8.741022432828242,1.3871616521415213,0.12112337482434567,0.9769116643747149,2.0262454873171554,1.0423919273322995,walk_drunk
0.15493422805878143,9.61121639721101,-0.2051564814297826,-2.1389268028246042,-0.7828431329711434,0.591864887483854,1.489960917894983,1.777254011629077,9.333229401665692,1.4052008530334255,0.0655832467744512,0.964163167515891,2.1956883778769125,1.3500164937776407,walk_drunk
0.3601675244488198,9.572751546325158,0.10450881315771499,-2.209306799838419,-0.7844894661217661,1.152374328317756,1.5858912759589163,1.8543569556300308,8.73135888908236,1.6262399183986127,0.2788680391629102,1.0293438728613578,2.297338264959332,1.2136656861548334,walk_drunk
0.2162386262317941,4.824431697758643,0.08786689791908131,-2.130024459551843,-0.6704962443067145,0.9592629494410704,1.2026625568972227,1.6144276325202578,5.960836670528998,1.4053261331676423,0.24501951457224055,0.9724692198488685,1.9707923760360313,0.8923596175517613,walk_drunk
-0.141868395273392,4.134820435421917,-0.31671664638276753,-2.283039104253556,-0.9565131381844324,0.44596321640328396,1.1336926824025115,1.3841062022586774,3.9122072239426804,1.356849399263826,0.07956399373613314,0.834848789966868,1.8030296711873812,0.6815917227787726,walk_drunk
-0.001098760637812873,4.348665451561623,-0.16212841731043315,-2.334398511546092,-0.8280604836766134,0.7134659616111588,1.1249185640137087,1.6988652802230941,4.532438371240553,1.547688807258146,0.09282609578431378,1.0708035562388447,2.1614548793312167,0.8266493408661566,walk_drunk
-0.04131110432174433,5.195605943775158,-0.2259222581185545,-2.278463379898291,-0.9041795767493288,0.6180992483124589,1.1547502590710514,1.7835992147882098,4.7147870212523815,1.6742116012240702,0.18455711842573957,1.1857871194938348,2.352424416367482,0.8202423582122624,walk_drunk
-0.06881783227879498,5.530621122258342,-0.18942231119319075,-2.2526829734796485,-0.9096927407618607,0.5912479198818925,1.1532486287890105,1.5415176005782412,4.462105582256681,1.4598173105519752,0.05664797524381144,0.989984436185389,1.9545163033985213,0.7437619775463944,walk_drunk
-0.37258130599435,3.480576133169315,-0.5527352180241929,-2.2490469544110407,-1.0598200800294064,0.1948892599743478,0.9495656155137832,1.6235778496379902,3.771201939524614,1.6294285550148755,0.25699499748312293,1.2069080029665418,1.966938231970129,0.6036828061201462,walk_drunk
-0.03132756877673808,3.870485939449421,-0.23598514344394594,-2.2615584958776735,-0.8689979363371981,0.531971403339995,1.1705885757778571,1.525844487051037,4.502288632832329,1.4008128675417222,0.07353356733006622,0.9264068948740716,1.9671632855888839,0.8074846857121325,walk_drunk
-0.3537066775211825,6.343297540265503,-0.49067460554184217,-2.223534871783575,-1.0519688999741033,0.23831308516954453,1.026398693434378,1.6687279049487256,5.331767041566967,1.4003252933579335,0.23029507297049456,0.9310899898775056,2.228089642728934,0.9855705557253983,walk_drunk
-0.29213487052324705,2.7762342784764993,-0.3400388641297232,-2.1727184472262757,-0.9511003640331144,0.233592229256809,0.8518613452182361,1.705396940284581,6.162585957918903,1.677640968246179,0.17156156129874386,1.064333807765262,2.1691776171492805,0.851224451965833,walk_drunk
-0.4048215686700217,2.084753277798626,-0.47408672707313404,-2.2783772453459172,-0.980832349879084,0.09621309253455945,0.8214194199075935,1.422470906101241,5.670279565878246,1.2466498865448643,0.11355034409471697,0.887609973585274,1.8273524516002073,0.8026839996931681,walk_drunk
-0.5952448737443937,2.4227184506947355,-0.6395646155181105,-2.289769772103301,-1.2013995189084419,-0.11826676873177,0.8079986303660884,1.3957531192909922,5.1857024467397395,1.2947264049627543,0.136826435031649,0.8635215817785683,1.8628978959032698,0.7065299863969421,walk_drunk
-0.4111437277948934,2.399968467353684,-0.4961199363976182,-2.144561000205748,-1.0813689089615524,0.05307670100806594,0.8918610920589093,1.6927310725658853,4.150085942097645,1.5877545195399647,0.05951453188408722,1.1399696026476902,2.0994430157918926,0.7851455865325272,walk_drunk
-0.12346476657726062,3.853420396680489,-0.2192035880094345,-2.0451111011506145,-0.8930263493295302,0.46846093029552827,1.027597989607319,1.776095190531679,5.247848356744748,1.6772279281130689,0.15515254777376286,1.2085975958329729,2.2447229409352447,0.8267853400713487,walk_drunk
-0.5569789243046055,2.3127322983194087,-0.5938215298108876,-2.209349838380605,-1.1647404656312603,-0.023412839270573693,0.7904087244280307,1.5649212257618759,4.649977294254629,1.4471358238146668,0.15043926716956393,1.0433987800127973,1.9788104101866824,0.7266629781133996,walk_drunk
-0.3456011034013145,3.0128684022786736,-0.4929829636196087,-2.295601759455516,-1.0742013756385491,0.27383114578586343,0.9775006880821234,1.7040983831980745,3.9859327362908714,1.7028983176701553,0.17254273977179851,1.0527584289055552,2.208062190198963,0.8243875161016296,walk_drunk
-0.24246995776214272,3.6334002767451974,-0.45318965300400393,-2.259237030639502,-1.0034672219943912,0.2954348304265304,1.0730554684426217,2.1226480272137915,6.316124384545597,1.790575995033786,0.2631957279431381,1.2673943870846518,2.827560233380949,1.1484998637993706,walk_drunk
-0.1869565692744011,4.053124040231343,-0.2704908930479797,-2.2050109434461325,-0.9630888134686291,0.45368927481689836,1.008475672118092,1.7971300062713518,5.688767659980783,1.7014363017935341,0.11767379580699425,1.0865836635888402,2.2701518482768335,0.9870362150315247,walk_drunk
-0.6228321955796564,2.3254037112823287,-0.737480815482784,-2.282074218129076,-1.147489481493908,-0.14053846911808987,0.7743237795412478,1.372509640526549,4.066711181197573,1.3115052838167602,0.10852737792972766,0.8183150417684615,1.798526697341524,0.6920317779864816,walk_drunk
-0.7819790674651886,1.7991603109211063,-0.8969846420064788,-2.2601531093294134,-1.3759347573485803,-0.2827966403256078,0.7666705014274853,1.3500724682103578,3.1740976281283366,1.2126792564259592,0.1199296921484598,0.8691585710588371,1.7781940838009034,0.658280873757428,walk_drunk
-0.24524226347755082,3.1093497047000387,-0.5005241925122469,-2.2829668969562897,-0.9776673079245052,0.33640417271536416,1.0560014619883547,1.9622940701095224,5.612822902261877,1.7370815176329013,0.15094980747323905,1.1068096215530328,2.6439615325505175,1.11355081650206,walk_drunk
-0.6109585213138284,1.8518535288113043,-0.7492474806507236,-2.3404818543055534,-1.2245055847049384,-0.07508853468399668,0.845912199852728,1.4228564336472,4.536655079175919,1.3978647960511175,0.1526170889063541,0.7882451938539213,1.8366686969563502,0.7332281670336607,walk_drunk
-0.5979311795468075,2.5484549512808172,-0.676264719414111,-2.2912807660295327,-1.1944856368430772,-0.12273919373590969,0.7946224916911051,1.28891819390245,3.2880722097385564,1.2293839325386489,0.12753060997758364,0.7987274156093264,1.6697804825981815,0.6084664117894899,walk_drunk
-0.37913998628925016,9.324155345786878,-0.6140801623803647,-2.0568832547500184,-1.1684194361248341,0.052948248678374554,1.1042254644080296,2.110115839686809,7.955080860079079,1.6893397632557439,0.14554263359457645,1.0289498782687474,2.858467202941263,1.4839306636659915,walk_drunk
-0.14591194889634648,5.539032119164335,-0.435761449018907,-2.288527787674414,-0.9784941342365834,0.47855258404466827,1.1522998442391366,2.012528974960953,6.174373580334799,1.579939216585621,0.24274200840495516,1.1408479623865342,2.839849614980974,1.2288893198848159,walk_drunk
-0.5824042101035156,5.0759666597591115,-0.7673204724581495,-2.3226846615669383,-1.2106176889804254,-0.07474974427620507,0.8791960983346233,1.5076686307675795,4.469406085365283,1.3460105683051644,0.13281270152700667,0.916792530197589,1.8915225488792324,0.8297429177559796,walk_drunk
-0.49440792531536715,2.605310638676915,-0.6821965619022291,-2.2307629407767577,-1.2119619530863097,0.10472411312238616,0.9664202223040829,1.675889925263897,4.856045953705855,1.5286134000994624,0.18706746165051696,0.9806986255013136,2.1539939032893893,0.9000966297230119,walk_drunk
-0.23488626530787943,3.433052473791645,-0.4233175712511801,-2.1664704866404083,-0.9968101554766085,0.4002894023948115,1.0462245761472482,2.0419191588724384,5.939693492730079,1.946601643316885,0.10667702257891291,1.3668757515591818,2.5813512879979914,0.9962572053394515,walk_drunk
-0.23943745269029149,3.780627718894361,-0.4373224633292997,-2.2042495497407297,-1.1051679109538917,0.3472306562877626,1.1397331449899364,1.7528351218051639,5.31583275801339,1.4628828163057799,0.18832181194582784,0.9974177349612194,2.1314979943987535,1.0708476461750294,walk_drunk
-0.7263793090527753,2.6533939839312284,-0.7690245799422427,-2.246716783420923,-1.2813019145752296,-0.2545620733638351,0.7303504141001321,1.3919746303115001,4.859732620893448,1.368603495281156,0.04396013051710096,0.8605582302969872,1.7876516688422273,0.7144852582326873,walk_drunk
-0.11040452923084307,6.135784744612815,-0.32662611233622174,-2.0118648111433846,-0.9259634365050133,0.5506656870383821,1.1454430811929588,1.8196284020052065,5.482077074715488,1.6272592498446337,0.08299722830364413,1.1703156514358688,2.1507615446506865,1.0262897953574233,walk_drunk
-0.4499406999316035,2.8108708878477673,-0.5822294728635204,-2.1925032526627324,-1.0579913503035008,0.11474155446455292,0.8264974313757116,1.3521849883512824,3.6088699355369243,1.277683246215673,0.13182744388037196,0.863497070053906,1.802826565098311,0.632069382525773,walk_drunk
-0.6342522494610171,3.9465214216312,-0.7241096771427843,-2.2994658887602486,-1.2035071683440233,-0.21772852427448908,0.8099551617476879,1.4554427544946105,3.9041002111433913,1.3372770721695044,0.053914240512723914,0.7797055018518979,2.0608696278577012,0.7895896866262411,walk_drunk
-0.3833387143456266,5.035884825946716,-0.5891259501153321,-2.2172152017534694,-1.1547843426683335,0.11218593605019589,1.1355508749232965,1.8053782465444184,5.033399237204354,1.6965482368275062,0.1049195054729173,1.1070832239558643,2.344504102036553,0.9268235428085827,walk_drunk
-0.2721376006673129,4.991232733480818,-0.4638514622655149,-2.2711529190242694,-1.1497096724766107,0.3668351756285013,1.177160485909457,1.554902847486423,3.6336752003210453,1.4515408885522219,0.1012672355520043,0.8646972755731668,2.1997448802174207,0.8314930583219596,walk_drunk
-0.09922079595237758,4.626772529379063,-0.3034794391354221,-2.1657362364292037,-0.8986185826835349,0.5527568979584538,1.0458736809878317,1.8291479217547042,5.24944112230798,1.7551118198966467,0.13529450184057035,1.0873777563744094,2.3943557813115772,0.9427021851568439,walk_drunk
-0.3236352547672909,4.6424940103509345,-0.5088205297570527,-2.2302098782818414,-1.0878634272833596,0.08619563587379764,1.130389176197751,2.0576746015543175,6.187629651546576,1.9007875313637455,0.3221814295557282,1.364328687643234,2.526025883762833,0.9990809396807188,walk_drunk
-0.5755797812780719,6.199243023227435,-0.715256773237605,-2.2928789423770017,-1.230069797435995,-0.04848086901301818,0.9234477340512378,1.5502481677599858,5.162801063382654,1.4652934351762852,0.1424299445202145,0.931674469733663,1.962001073574149,0.8499169778396445,walk_drunk
-0.63359214038505,2.1915022572599367,-0.7492821777526342,-2.2608025591447047,-1.2587612040516318,-0.027478294816942084,0.8583086291306476,1.4420447678638235,4.326184207247954,1.3175444690244114,0.23518902575756587,1.0668761772781847,1.593929972408647,0.7448017943716343,walk_drunk
-0.5372997962138946,3.4425941045483026,-0.7678832062478897,-2.4930153505007255,-1.3169911977512796,-0.001651730662628581,1.1286151201721195,0.6803509807324237,1.9478324187485452,0.6447372941395411,0.060009645439362734,0.412567391266189,0.847430603441777,0.3560863567047708,walk_slouch
0.11873055314217927,4.432522379388017,-0.10469250800971919,-2.1350108950638376,-0.7695799476731715,0.5942798047552191,1.257637707256976,1.0405719485707854,2.7934851311237994,0.9166505945061719,0.0876003750148567,0.5366442438994742,1.5322191004221686,0.6062065235917762,walk_slouch
0.014823774580609596,5.934397146710209,-0.22806111404022977,-1.9996682024869383,-0.7845066422596046,0.42767215294917227,1.2115911556689016,0.904603842625437,2.9235100243738925,0.7512024898675623,0.09174834632030221,0.45879523452033455,1.2572490881078018,0.5637097397161808,walk_slouch
-0.08826030390334383,5.114387440225732,-0.2909296468602567,-2.1869593539857317,-0.8709262478111581,0.40024429521489546,1.1379683594832606,0.9116921954089442,2.930082452925908,0.7825568944712401,0.10759576512276509,0.5028927511705782,1.1669258533622522,0.5371487501488496,walk_slouch
0.09796149501055687,5.653729396799591,-0.1166754462685704,-2.227105899009217,-0.6903854595948311,0.5800566432810067,1.237395040728333,0.8729901538194765,2.556283570944475,0.7587460533888428,0.09304625019402704,0.46373650476473194,1.1692332825158505,0.5164625480821274,walk_slouch
0.09766581143751071,4.89085081499568,-0.1524128342700033,-2.170192519320522,-0.7604527085568359,0.6824586944324208,1.1642039235916388,0.8681018901503237,2.660591005838949,0.7492183463452724,0.056348500696351576,0.46201550718111306,1.1683741531925929,0.516255278787196,walk_slouch
0.025630377806735362,3.1927326406733463,-0.06564588657797765,-2.386087860739736,-0.6556052439599139,0.7515923257601271,1.0660642470065058,0.9412268310548358,2.281332518145525,0.7551075525831853,0.10242109143816908,0.4286941305834906,1.4771822045002057,0.6058894901911803,walk_slouch
0.3061448874716989,17.84999459905701,-0.06732874574338132,-1.7219369049428939,-0.7066463244905206,0.784197624761845,1.7084136226620623,1.4656704701718006,6.934307153567981,1.2401448792063705,0.11414124358531626,0.7652538072410932,1.8642661019234972,1.014352765590482,walk_slouch
-0.20655368497985369,4.919538114581574,-0.4171659993054432,-1.5845575666212486,-0.8015290136526252,0.1382895406066066,0.8991697554541763,0.7522602280769639,2.6111422806824556,0.5072408846579934,0.03295279729619406,0.3150082828524393,1.0249443560754403,0.5995639179725766,walk_slouch
-0.42737712690797974,2.7833223454461313,-0.5743159165956352,-1.7582941692020309,-0.8705999338845191,-0.07026986576543959,0.6947831844193855,0.8395629462242931,2.4669975543808116,0.562323839953723,0.054594504134025244,0.35337435543498086,1.157929425375101,0.6450361000458414,walk_slouch
-0.2373782751291686,3.3891511347167222,-0.3880716820095179,-1.6091185356279962,-0.8194749897948242,0.11055227802678969,0.8278269592341081,0.686275086127117,2.663566792618361,0.5203733252300238,0.03112048271997634,0.32405758049955646,0.8241756490953431,0.5435518291663715,walk_slouch
-0.11093726811098023,4.889335714214185,-0.24792991877464676,-1.7404302297675278,-0.7171451379693669,0.36658458279138273,0.8605174763938869,0.9561931637432313,2.3920783769049465,0.7817716349216941,0.03789142443187755,0.4708341566776073,1.3795101254252427,0.6231924044589993,walk_slouch
-0.06181137412804544,2.744066620513359,-0.09391659593366453,-1.6979514383414434,-0.651764579319385,0.41127134661790454,0.7685177004039226,0.6570922339109884,2.3799891689743014,0.46065900685787187,0.053039308087573386,0.2955131089255263,0.7244576838317394,0.5566689753542442,walk_slouch
-0.15877476882214692,3.221630447993695,-0.29655090644240545,-1.7975391339137496,-0.716206156602933,0.30827480732388524,0.7941125789130138,0.9744812308243033,3.3233076208996395,0.6628118096799266,0.08837108861526209,0.42314885503018695,1.2319951164568306,0.7847389471212911,walk_slouch
-0.08939577647291311,3.074142245643829,-0.1866253822782642,-1.8101079805976228,-0.6386654787779416,0.33393225378883384,0.7720757777227492,0.6763004669608319,2.3284174824511363,0.5133560518036813,0.05545676095869213,0.34511859056720595,0.7920669938593972,0.5245235143809548,walk_slouch
-0.09517988645793563,3.4616279191594117,-0.24084381503458563,-1.699513302478521,-0.6771441032778756,0.40301087293899174,0.8174992428380279,0.7500886682689527,3.170630471701005,0.6080534082219822,0.05654406482579566,0.3484778828729804,0.8932478190331068,0.5816482895865249,walk_slouch
-0.03655518708215268,3.724674131122561,-0.2196466107445295,-1.781532543433058,-0.6114566758598255,0.4583663997730031,0.8427159906786539,0.9675215627530794,2.8731794997100804,0.6837486866896841,0.03857389413706581,0.43645917993012173,1.1918456079173398,0.7472400578902555,walk_slouch
0.02512789686484165,3.4658178393641013,-0.13154589927946536,-1.683614619124766,-0.6000737734245047,0.5309222075740718,0.8610219351651384,0.7435212754800548,2.624243691272137,0.5513480037503806,0.062097224023925646,0.34882749222527265,0.8955114504085451,0.5843597718196533,walk_slouch
-0.13540739159413773,3.3281196784125218,-0.24455480871728752,-1.6813648553550158,-0.7108381327081366,0.32619156932615834,0.773331210571041,0.8173645625457148,2.5303462915568886,0.6606246812428189,0.07532540173085009,0.4408155781569768,1.0550219125970683,0.5364270815855702,walk_slouch
-0.07229808320600754,4.612659006390107,-0.23794693772351838,-1.7565087369572232,-0.6549997087317991,0.3400855136461377,0.9228043464626746,0.9338513539328033,2.7528282781202864,0.7195674878416332,0.06530387228182633,0.46324607996252865,1.239975195790211,0.6405751906655531,walk_slouch
-0.003951485435837963,2.938919084313639,-0.12745490325717057,-1.685445797179878,-0.6319632182213315,0.5975475234638099,0.8825005272706575,0.7771992698679893,2.730794788856238,0.5960518458031251,0.0331056303516146,0.37049030546697004,0.8958893070799518,0.6202935010387882,walk_slouch
-0.11830203868621138,3.1533280037935807,-0.24763152960234536,-1.6290834787374204,-0.6574828810493456,0.30483766610216,0.781213351346101,0.9115499551968933,2.7789515487091547,0.6533296347850677,0.06810199905053649,0.4167688295302687,1.2578954001096694,0.6660199436134335,walk_slouch
-0.00951212249643887,3.316952632576611,-0.1442825198677472,-1.6351011813328,-0.6483788747355803,0.4981418262153593,0.9002551966587711,0.7936994025813982,3.18878810316916,0.5844279720030033,0.01452452763815301,0.3832318835230277,0.9064424173531165,0.6522445442522428,walk_slouch
-0.053424212302306574,4.398626884774851,-0.19087157182945413,-1.6953739377204446,-0.7209959221569022,0.5311067404298756,0.9011723142823806,0.8742176286596309,2.8399573139211687,0.7471371942186547,0.02969639130146749,0.4777597742254404,1.078605946936921,0.5594564614548962,walk_slouch
0.020901897744806733,3.9846736617409686,-0.09653362649395669,-1.7204479762204887,-0.6022427085124646,0.5136637702447641,0.8633051771144727,1.027260277857921,3.355610128931718,0.7711969224874895,0.08306964052638431,0.46325018798404377,1.392059142989492,0.7812406374748139,walk_slouch
-0.04890575353665023,2.9706664314433953,-0.12690849057254427,-1.6649026868222765,-0.5928928509317186,0.3414246362022556,0.7943918423273252,0.7682979544552353,3.140461626109788,0.58889785932293,0.027594391214455796,0.3777811723639595,0.9520571614634724,0.5926557114591746,walk_slouch
-0.02922233080750324,3.5875165626690535,-0.1615666150657019,-1.682453548146513,-0.5629219508736576,0.4880397046797448,0.7784160586552151,0.941014971222854,2.882108090520337,0.6714143212946684,0.04587727131340002,0.4506399701121607,1.2047297921001086,0.695930442354942,walk_slouch
-0.12858849561379862,3.370610687320019,-0.27029064773111156,-1.7440127667257048,-0.7143072509896189,0.3496087900901982,0.8169302499296933,0.7981655463952396,2.4599603862676593,0.6243372135192927,0.04833151730487335,0.434476686867285,0.9454832889974555,0.5538731998066974,walk_slouch
-0.005340073837128812,4.521413577448782,-0.0997244155705157,-1.7422686949974373,-0.5619815862101545,0.4271246511794755,0.8338302961458524,0.741277200421365,2.5483616983833786,0.6171980860640672,0.05929607013851685,0.3878370236050625,0.8568544490922014,0.5294065459359317,walk_slouch
-0.05160748418021649,3.862884721478607,-0.17944896132498211,-1.6607349107347584,-0.6609557599516609,0.3911227398727416,0.8262519603600862,0.8674593298867515,2.28916105397203,0.6705754458764746,0.04312032509523793,0.42807076926924814,1.2034273323883715,0.5862278013387973,walk_slouch
-0.03256801706270235,3.2857289075485587,-0.15989016570443826,-1.4532630247230047,-0.531929821949854,0.40241616996372476,0.7482577300785295,0.8805084862886988,2.6996701409287502,0.6282898511303654,0.03180827713275858,0.42245791317981063,1.146184879977411,0.6511209769829372,walk_slouch
0.1922213119455738,5.525916529574226,0.031921430301851905,-1.4513915474868364,-0.46233222247985456,0.6714720274047083,0.9081198961396985,0.82292371929409,3.3345482616197057,0.6481624983864875,0.03344262102871969,0.39956690939667366,0.975225228770796,0.6399289087568435,walk_slouch
0.00870103129920247,4.810122835257938,-0.11521772649618878,-1.8056564715909837,-0.684539336995747,0.4714996142256037,0.9452768910818587,0.9433809121758209,2.598634078508961,0.802288310147521,0.019181731061978773,0.5339209082875251,1.174128451722952,0.58820154179849,walk_slouch
0.2084141381048686,3.3969596497963375,0.07369221156806971,-1.5357335650026336,-0.4175362247430046,0.7027010420922831,0.90293420025882,0.8023660379478581,2.470967237058337,0.653266611465972,0.03294604266030405,0.4166135479803781,0.9850135369804531,0.5382840683169627,walk_slouch
-0.03862878990921166,2.8383184079308315,-0.1567299679488121,-1.7530490983467772,-0.5795025681000346,0.48519735301813116,0.7956713569941182,0.9567217527446664,2.928889663421374,0.6762777616885305,0.06728916089427416,0.4605399016369354,1.284611589205561,0.7069257185762957,walk_slouch
0.0940658527081744,3.563004632806752,-0.06605584910713591,-1.5408008864205396,-0.45906174327467486,0.5872424794647697,0.8187225138173615,0.8361139535922714,2.5677185031252456,0.657992564388869,0.07626987464584266,0.4508359584171719,1.0584857682854927,0.5414587558282069,walk_slouch
0.236172979717882,5.384357843786622,0.04955989607054101,-1.803629542282903,-0.45688061565734184,0.8426366051086561,0.9668913162976229,0.9934877434913999,2.872948707763074,0.7651395591919847,0.032373794426975896,0.4873291350270639,1.2828252961983435,0.6899150215597688,walk_slouch
0.07711379124380402,3.3409738993417983,-0.08094928577490357,-1.720864596076023,-0.5071351942477326,0.5909529160122511,0.8378466736276619,0.803587853292801,2.9083122811258915,0.6324659443383331,0.05875795183245391,0.44011543915767976,0.9731138801794523,0.5540163805641376,walk_slouch
0.01613239709806421,2.7451062749128274,-0.10490816668802805,-1.7181300781418192,-0.5824376180421196,0.45278868128234506,0.8353934818293055,0.8168181383021312,3.1880293701722664,0.6077935218568354,0.05802942861339973,0.434933733297484,0.9826050291415398,0.5983332377606738,walk_slouch
-0.019929057469368988,3.1316827242965344,-0.1863270003346167,-1.6550875058188537,-0.5686071971771727,0.43733789699700876,0.7900384052619902,0.9651690865955522,3.1460022753407175,0.7518268137277448,0.06636912233302653,0.48191128827388285,1.3337761702788393,0.6501315131412786,walk_slouch
0.10451226163609231,2.7054482077994804,-0.02551901643914556,-1.6398867633996774,-0.42710522006944684,0.585343545769133,0.780591477482009,0.7863488015851698,2.325031486141818,0.6128432299069204,0.03711992713359084,0.4465763264884706,0.9432937085656172,0.5210242209819618,walk_slouch
0.10380016985502226,3.869473314066398,-0.04530056328525789,-1.7377648075250685,-0.4777836701814759,0.5546801064968211,0.8577351304277435,1.031789374261357,2.7138302873388405,0.8007646605362375,0.09206604789509164,0.5150618727927808,1.4413914651858248,0.6591528043959258,walk_slouch
0.12404503383318866,2.817945313800073,0.012309177820071238,-1.694402625485343,-0.4334208716377282,0.5649380405801429,0.8153740795103537,0.8199704029093998,2.59991381271986,0.6717330845435159,0.07402418870881308,0.4826230871742966,1.017963110126146,0.5237405207570818,walk_slouch
-0.08074126268500154,2.7717734636411935,-0.21054193505158092,-1.7394033611008681,-0.6459956786693424,0.3825625106733199,0.8060561036256718,0.9865227274859959,3.037018135827523,0.7668913409765327,0.03094583865877364,0.4787591065782931,1.2853924560123964,0.6861767028197456,walk_slouch
0.09814844610843364,6.341505567328976,-0.053208229617519365,-1.7862694096933802,-0.49884664579909505,0.5656836015074284,0.9415057800816411,0.8413470389616919,2.5675501140162917,0.7006695126346845,0.05886172478210336,0.4842530603248557,1.0549828143139186,0.5309295418186616,walk_slouch
0.00033048247403399955,2.259979252105003,-0.12226948166936702,-1.7345372821275487,-0.586016288680504,0.47939098759128096,0.8203612478399116,1.0069494330876056,3.0147712959817015,0.8126647290439816,0.07427265242193588,0.5239454858604202,1.2446762048220947,0.685075354559227,walk_slouch
-0.08658297073687249,3.457103376037601,-0.1771133337256513,-1.706969279743542,-0.6591027977496403,0.3542402627668454,0.8006126384946188,0.7924623924045205,2.284201118538573,0.6674675226521134,0.0589670261118762,0.47104493114471613,0.9740321858629507,0.4661828625111494,walk_slouch
-0.019491582015961774,4.140767217443785,-0.12244120412886039,-1.8000780830169774,-0.6282524677660293,0.45181852584663096,0.8717775585746222,0.7891311773679711,2.1807201444337756,0.6569708868718318,0.05565809508814988,0.48701120393023445,0.9537910420716095,0.46740872812403916,walk_slouch
-0.04030064356089904,2.949310033514041,-0.17888615855942858,-1.8019176344756682,-0.7031172228832826,0.4897845921506614,0.898844568901953,0.9895732160426591,2.6388664594784395,0.7587029098864946,0.03945309514341187,0.5000310191044081,1.30568095864436,0.6488250548422236,walk_slouch
0.10522362065546209,2.9080648814669274,-0.05731106136278352,-1.6806212033143515,-0.4473608864526754,0.5627828902068253,0.8486878723907689,0.8200193003911967,2.679772208248804,0.6735042599346162,0.02836659603872056,0.4705187824834608,1.0142325155463079,0.5384040718806948,walk_slouch
-0.008511952702166838,3.5885569322153144,-0.20481336815779116,-1.7946223051465036,-0.6044566316444637,0.5490852175548422,0.8638006185465729,1.0357071698420424,3.0560659265276247,0.7514772275016355,0.08067413190077484,0.4924459936654136,1.4455117619454305,0.7064074637244562,walk_slouch
0.04070334449565598,4.3780256625663165,-0.16738570838287292,-1.6587801851458042,-0.5504094699874789,0.6114140877779446,0.8565005517842705,0.7630036194864328,2.540997931040214,0.6167176563695166,0.08206051422545908,0.41400873716798775,0.9651217033258943,0.5074646482011911,walk_slouch
-0.024738406726789206,2.545093246660139,-0.11443221046484697,-1.7170931549092026,-0.6084551231161077,0.4764149518820837,0.8173778730702529,0.8072590123463131,3.294522030892595,0.6429570329803582,0.07351787608680191,0.40758891983790413,0.9374662728981601,0.5945368526818027,walk_slouch
0.16504764809270267,2.63731191967688,0.030990767608844783,-1.6910416747107564,-0.4882346970268622,0.6935096265055047,0.8851160033170226,0.9154505345955706,3.2103361777734305,0.6412831450384231,0.04846170433034465,0.42556074022813656,1.1218796988900461,0.7099091174188764,walk_slouch
0.052292919063997176,2.316282817189405,-0.042201288364550726,-1.6575819919098884,-0.5487541256492087,0.558814528579388,0.7929764131655749,0.727222325670487,2.2104288270638377,0.5803535410253694,0.04453165650656659,0.40776429121356156,0.8686833595413502,0.4970091264890305,walk_slouch
-0.03137335293525172,2.4658336794077185,-0.1796401172130898,-1.770389529439517,-0.5949598868278521,0.4078899023937407,0.7975931840995986,0.9709707189215793,2.976046189799846,0.7543287932029639,0.05444752166887738,0.495656108701093,1.4117080025029591,0.6372117777010992,walk_slouch
0.05207058590357988,4.128579416584803,-0.12046522462467457,-1.784538786105682,-0.5676837839069455,0.5917668754674494,0.9025524280967642,0.8369343346578533,3.0545705544918738,0.6805652513590679,0.034382817039372994,0.4984861071795259,0.9394550478725106,0.5551530059699669,walk_slouch
-0.0949668410567681,2.2256948787469897,-0.20470025233474443,-1.7353166406965281,-0.6206711541731136,0.3700738521737009,0.7789605806821698,0.9727861407151618,3.288856552733469,0.7012781267580328,0.053812202968556405,0.44332694324529687,1.300212926866269,0.7273629818736437,walk_slouch
0.14974734860425912,4.274196254620085,-0.004159309872670547,-1.58806121791339,-0.39065788628027215,0.5562861534293887,0.833734602027601,0.778757134860564,2.3262860074445864,0.6265828579653029,0.05497029396365467,0.41484616333361046,0.9377420521120009,0.5234270981428987,walk_slouch
-0.0042408340381882145,3.37921246120891,-0.15154679111028602,-1.7823483180004935,-0.639867459302805,0.5139428600687693,0.90068648722292,0.883939526869645,3.303692559674527,0.6068713281237015,0.022077162515485155,0.4163070350393758,1.1220101878208129,0.6884353717429011,walk_slouch
-0.0010510060469158234,2.340654391502553,-0.08533705765620436,-1.708837192361067,-0.4445803832674738,0.39384415760261193,0.723417251609799,0.8671401087679299,3.035326511015745,0.6320972899189936,0.03916813537180313,0.4109885199133077,1.0551194119903322,0.6677235167593275,walk_slouch
0.12242398225871358,2.6821063083643466,0.0016778368187855275,-1.6295063619119532,-0.5060932112028533,0.6548965263023832,0.8260365568713971,0.8009614715760827,2.6458699447555167,0.6085284157540086,0.016855263232475118,0.3860518215125416,1.00893568095662,0.588927581837516,walk_slouch
-0.008727762487692971,3.2451544043630216,-0.13462537779213135,-1.684934520088021,-0.6882246199455224,0.567018125395582,0.9350908196558997,0.9622017927927539,3.0736257519222305,0.6525860248498375,0.09065823642286161,0.4498251731451449,1.156430882756067,0.7622213882288318,walk_slouch
0.11474989183932369,3.3106658999095346,-0.018443553238499777,-1.590026284225852,-0.4512053944906039,0.5555716266738765,0.8770262499499475,0.7615710050802909,3.3264394754854925,0.5579093336112737,0.07563917222915625,0.3856973714055492,0.8174263292099841,0.6381985701545171,walk_slouch
-0.019660082940843766,2.616841507155291,-0.1467168153668501,-1.7094357686943336,-0.6572851242518005,0.501391883070098,0.86372181451855,0.9840237225808753,2.8700313086605345,0.7386779005552477,0.0403157646708149,0.44566704202175716,1.4615730610155357,0.6914301221212308,walk_slouch
0.2427946101257006,3.0254940507853956,0.08651511951529212,-1.6248911962742345,-0.37664533293433117,0.8065724058785958,0.8953780912404319,0.7668072371340715,2.915706194672046,0.6376337099849605,0.036620981728241624,0.4223803211076306,0.8948733549389476,0.5430539514613666,walk_slouch
0.1283184000608496,2.7810850514300913,-0.02593148155025593,-1.7355012010932005,-0.5086163602075127,0.761558348827426,0.895252192869508,0.9239829322867392,3.1814457804783998,0.6578363508982583,0.06062158668699026,0.4551717197918077,1.1093614680203265,0.6955585318344117,walk_slouch
0.2231596209350265,2.7527397504382174,0.0412583492773686,-1.5673576212509266,-0.390109735329338,0.7750578092610217,0.8836388394466385,0.7761690462567025,3.4220459211275815,0.5937477697346214,0.04994743789060451,0.38100498769465374,0.9346498830052448,0.6270203120957937,walk_slouch
0.19528556465437563,3.4466160495258196,0.030056101990845074,-1.5879010302928673,-0.41137981193639817,0.7407375771849154,0.893601002821254,1.0129038531803138,3.635847519825675,0.6691299363718672,0.0729333890073569,0.417129804043638,1.4096866365187664,0.8464426409822642,walk_slouch
-0.6055687343881105,19.2983056444648,-1.0347015434501885,-1.8744289057355128,-1.5753361909232515,-0.23871791379255836,1.6312614808022623,0.765245828042572,4.506100409770785,0.5516849768500537,0.0032973448452753716,0.20341861157388721,1.0907127355424082,0.7489434660699474,walk_slouch
